mach,CD
0.01,0.419056601
0.02,0.472848817
0.03,0.482641569
0.04,0.483839928
0.05,0.48249641
0.06,0.480299578
0.07,0.477841191
0.08,0.47535458
0.09,0.472936092
0.1,0.470624274
0.11,0.468431764
0.12,0.466359279
0.13,0.464402111
0.14,0.462553246
0.15,0.460804938
0.16,0.459149418
0.17,0.457579353
0.18,0.456087854
0.19,0.454668697
0.2,0.453316147
0.21,0.45202507
0.22,0.450790827
0.23,0.449609173
0.24,0.448476344
0.25,0.447388864
0.26,0.446651511
0.27,0.445953528
0.28,0.445292426
0.29,0.444665813
0.3,0.444071564
0.31,0.443507733
0.32,0.442972501
0.33,0.442464245
0.34,0.441981424
0.35,0.441522663
0.36,0.44108665
0.37,0.440672213
0.38,0.440278223
0.39,0.439903676
0.4,0.439547596
0.41,0.439209114
0.42,0.438887384
0.43,0.438581642
0.44,0.438291172
0.45,0.438015282
0.46,0.437753353
0.47,0.437504756
0.48,0.437269
0.49,0.437045491
0.5,0.436833741
0.51,0.436633344
0.52,0.436443797
0.53,0.436264696
0.54,0.436095653
0.55,0.436224962
0.56,0.436485546
0.57,0.436746228
0.58,0.437007006
0.59,0.43726788
0.6,0.437528851
0.61,0.43834696
0.62,0.439145194
0.63,0.439943506
0.64,0.440741929
0.65,0.44154043
0.66,0.442339006
0.67,0.443137694
0.68,0.44393651
0.69,0.444735384
0.7,0.44553435
0.71,0.446333408
0.72,0.447132558
0.73,0.4479318
0.74,0.44873115
0.75,0.449530574
0.76,0.450330088
0.77,0.451129692
0.78,0.451929404
0.79,0.452729187
0.8,0.453529078
0.81,0.454329039
0.82,0.455129107
0.83,0.455929246
0.84,0.456729472
0.85,0.457529786
0.86,0.458330205
0.87,0.459130693
0.88,0.459931268
0.89,0.460731929
0.9,0.461532676
0.91,0.464671098
0.92,0.474086365
0.93,0.488889724
0.94,0.504373542
0.95,0.519857361
0.96,0.535341179
0.97,0.550824998
0.98,0.566308816
0.99,0.581792634
1,0.597276453
1.01,0.612760271
1.02,0.628244089
1.03,0.643727908
1.04,0.659211726
1.05,0.674695545
1.06,0.674122147
1.07,0.67364349
1.08,0.673226401
1.09,0.672860748
1.1,0.672541191
1.11,0.672264209
1.12,0.672027138
1.13,0.671827892
1.14,0.671664747
1.15,0.671536167
1.16,0.670939796
1.17,0.670359246
1.18,0.669811943
1.19,0.669135473
1.2,0.668070058
1.21,0.667040411
1.22,0.666045731
1.23,0.665085298
1.24,0.664158425
1.25,0.663264462
1.26,0.662402805
1.27,0.661572883
1.28,0.660774164
1.29,0.660006126
1.3,0.659268265
1.31,0.658560193
1.32,0.657881418
1.33,0.657231601
1.34,0.656610289
1.35,0.656017169
1.36,0.655451909
1.37,0.654914161
1.38,0.653709088
1.39,0.652187182
1.4,0.650680111
1.41,0.649187082
1.42,0.647707324
1.43,0.646240175
1.44,0.644784918
1.45,0.643340981
1.46,0.641907762
1.47,0.640484729
1.48,0.639071369
1.49,0.637667188
1.5,0.63627174
1.51,0.634884606
1.52,0.63350536
1.53,0.632133645
1.54,0.630769079
1.55,0.62941135
1.56,0.628060104
1.57,0.626715077
1.58,0.625375953
1.59,0.624042475
1.6,0.622714399
1.61,0.621391449
1.62,0.620073421
1.63,0.618760111
1.64,0.617451292
1.65,0.616146773
1.66,0.614846388
1.67,0.613549956
1.68,0.612257312
1.69,0.610968305
1.7,0.609682799
1.71,0.608400639
1.72,0.607121713
1.73,0.605845888
1.74,0.604573064
1.75,0.603303117
1.76,0.60203596
1.77,0.600771498
1.78,0.599509615
1.79,0.598250246
1.8,0.596993327
1.81,0.595738746
1.82,0.594486457
1.83,0.593236392
1.84,0.591988475
1.85,0.59074268
1.86,0.589498929
1.87,0.588257164
1.88,0.587017348
1.89,0.585779449
1.9,0.584543396
1.91,0.58330918
1.92,0.582076744
1.93,0.580846063
1.94,0.579617114
1.95,0.578389844
1.96,0.577164243
1.97,0.575940302
1.98,0.574717961
1.99,0.573497226
2,0.572278059
2.01,0.571242252
2.02,0.570201622
2.03,0.569164733
2.04,0.568131537
2.05,0.567102007
2.06,0.566076107
2.07,0.565053793
2.08,0.564035043
2.09,0.563019816
2.1,0.562008082
2.11,0.560999832
2.12,0.559995009
2.13,0.558993622
2.14,0.557995621
2.15,0.557001007
2.16,0.556009744
2.17,0.5550218
2.18,0.554037172
2.19,0.553055844
2.2,0.552077787
2.21,0.551103004
2.22,0.550131458
2.23,0.549163144
2.24,0.548198031
2.25,0.547236121
2.26,0.546277398
2.27,0.545321844
2.28,0.544369447
2.29,0.543420186
2.3,0.542474072
2.31,0.541531053
2.32,0.540591155
2.33,0.539654342
2.34,0.538720622
2.35,0.537789971
2.36,0.53686236
2.37,0.535937806
2.38,0.535016289
2.39,0.534097805
2.4,0.533182308
2.41,0.53226982
2.42,0.531360326
2.43,0.530453814
2.44,0.529550249
2.45,0.528649646
2.46,0.527751992
2.47,0.526857256
2.48,0.525965437
2.49,0.525076523
2.5,0.524190509
2.51,0.523307366
2.52,0.522427081
2.53,0.52154966
2.54,0.520675071
2.55,0.519803316
2.56,0.518934379
2.57,0.518068227
2.58,0.517204877
2.59,0.516344271
2.6,0.515486445
2.61,0.514631355
2.62,0.513778983
2.63,0.512929336
2.64,0.512082372
2.65,0.511238088
2.66,0.510396468
2.67,0.509557497
2.68,0.508721167
2.69,0.507887449
2.7,0.507056311
2.71,0.506227772
2.72,0.505401803
2.73,0.504578352
2.74,0.503757438
2.75,0.502939038
2.76,0.502123117
2.77,0.501309683
2.78,0.500498688
2.79,0.499690125
2.8,0.498883987
2.81,0.498080233
2.82,0.497278851
2.83,0.496479813
2.84,0.495683118
2.85,0.494888735
2.86,0.494096643
2.87,0.493306808
2.88,0.492519224
2.89,0.491733869
2.9,0.490950702
2.91,0.490169723
2.92,0.489390906
2.93,0.488614211
2.94,0.487839641
2.95,0.487067151
2.96,0.486296719
2.97,0.485528342
2.98,0.484761959
2.99,0.483997581
3,0.483235165
